row_id,ticker,direction,role,shares,entry_date,est_entry,exit_date,exit_price,dollar_pnl,status,score,beta,month,entry_commission,prices_estimated
2026-10-KMB,KMB,SHORT,SHORT,6,2026-10-01,96.0,,,,open,-9.43,0.028,2026-10,1.1,False
2026-10-UNP,UNP,SHORT,SHORT,2,2026-10-01,268.0,,,,open,-14.38,0.227,2026-10,1.1,False
2026-10-LYV,LYV,SHORT,SHORT,3,2026-10-01,166.23,,,,open,-11.81,0.637,2026-10,1.1,False
2026-10-CIEN,CIEN,LONG,LONG,1,2026-10-01,355.9,,,,open,-1.17,2.484,2026-10,1.09,False
2026-10-GLW,GLW,LONG,LONG,4,2026-10-01,154.0,,,,open,-1.87,2.846,2026-10,1.09,False
2026-10-AVGO,AVGO,LONG,LONG,1,2026-10-01,352.12,,,,open,-1.7,2.156,2026-10,1.09,False
2026-10-LNT,LNT,SHORT,SHORT,10,2026-10-01,63.0,,,,open,-12.73,-0.078,2026-10,1.1,False
2026-10-HPE,HPE,LONG,LONG,10,2026-10-01,65.85,,,,open,-1.58,2.046,2026-10,1.09,False
2026-10-KVUE,KVUE,LONG,LONG,36,2026-10-01,17.53,,,,open,-1.73,0.144,2026-10,1.09,False
2026-10-HONA,HONA,LONG,LONG,4,2026-10-01,156.5,,,,open,-1.54,0.81,2026-10,1.09,False
2026-10-HOOD,HOOD,LONG,LONG,5,2026-10-01,112.49,,,,open,-1.52,3.148,2026-10,1.09,False
2026-10-ICE,ICE,LONG,LONG,4,2026-10-01,153.31,,,,open,-1.96,0.245,2026-10,1.09,False
2026-10-FOXA,FOXA,SHORT,SHORT,10,2026-10-01,62.3,,,,open,-9.8,0.102,2026-10,1.1,False
2026-10-LULU,LULU,LONG,LONG,6,2026-10-01,96.7,,,,open,-1.33,1.259,2026-10,1.09,False
2026-10-ARES,ARES,SHORT,SHORT,5,2026-10-01,115.01,,,,open,-8.68,1.704,2026-10,1.1,False
2026-10-ACGL,ACGL,LONG,LONG,6,2026-10-01,92.77,,,,open,-1.88,-0.306,2026-10,1.09,False
2026-10-FOX,FOX,SHORT,SHORT,11,2026-10-01,56.16,,,,open,-9.98,0.056,2026-10,1.1,False
2026-10-SPYM,SPYM,SHORT,HEDGE,200,2026-10-01,89.965,,,,open,,28.136,2026-10,1.49,False
2026-10-DELL,DELL,LONG,LONG,1,2026-10-01,541.25,,,,open,-1.0,2.249,2026-10,1.09,False
2026-10-CDNS,CDNS,LONG,LONG,1,2026-10-01,339.82,,,,open,-1.62,1.588,2026-10,1.09,False
2026-10-EIX,EIX,LONG,LONG,11,2026-10-01,53.5,,,,open,-1.94,0.057,2026-10,1.09,False
2026-10-COO,COO,LONG,LONG,11,2026-10-01,56.69,,,,open,-1.89,0.508,2026-10,1.09,False
2026-10-MRVL,MRVL,LONG,LONG,2,2026-10-01,264.46,,,,open,-1.7,3.056,2026-10,1.09,False
2026-10-SNA,SNA,SHORT,SHORT,1,2026-10-01,360.62,,,,open,-14.69,0.554,2026-10,1.1,False
2026-10-BF.B,BF.B,SHORT,SHORT,24,2026-10-01,26.03,,,,open,-12.22,0.056,2026-10,1.1,False
2026-10-IFF,IFF,SHORT,SHORT,7,2026-10-01,82.17,,,,open,-10.55,0.723,2026-10,1.1,False
2026-10-RMD,RMD,SHORT,SHORT,2,2026-10-01,219.0,,,,open,-11.74,0.403,2026-10,1.1,False
2026-10-APO,APO,SHORT,SHORT,5,2026-10-01,115.1,,,,open,-10.31,1.194,2026-10,1.1,False
2026-10-KDP,KDP,SHORT,SHORT,21,2026-10-01,30.36,,,,open,-8.88,0.06,2026-10,1.1,False
2026-10-TROW,TROW,SHORT,SHORT,6,2026-10-01,104.05,,,,open,-20.36,0.897,2026-10,1.1,False
2026-10-PRU,PRU,SHORT,SHORT,5,2026-10-01,112.6,,,,open,-10.43,0.662,2026-10,1.1,False
2026-10-MGM,MGM,SHORT,SHORT,20,2026-10-01,31.12,,,,open,-9.27,0.843,2026-10,1.1,False
2026-10-OMC,OMC,SHORT,SHORT,8,2026-10-01,74.68,,,,open,-9.24,0.391,2026-10,1.1,False
2026-10-PCG,PCG,LONG,LONG,52,2026-10-01,12.15,,,,open,-1.0,0.143,2026-10,1.09,False
2026-10-CASY,CASY,LONG,LONG,1,2026-10-01,612.0,,,,open,-1.83,-0.072,2026-10,1.09,False
2026-10-BXP,BXP,SHORT,SHORT,10,2026-10-01,60.66,,,,open,-10.95,0.734,2026-10,1.1,False
2026-10-ECHO,ECHO,SHORT,SHORT,7,2026-10-01,89.01,,,,open,-10.14,1.47,2026-10,1.1,False
2026-10-COHR,COHR,LONG,LONG,2,2026-10-01,289.81,,,,open,-1.7,3.226,2026-10,1.09,False
2026-10-TPL,TPL,SHORT,SHORT,1,2026-10-01,325.0,,,,open,-14.37,0.41,2026-10,1.1,False
2026-10-CVNA,CVNA,SHORT,SHORT,10,2026-10-01,61.81,,,,open,-10.23,2.357,2026-10,1.1,False
2026-10-EVRG,EVRG,SHORT,SHORT,8,2026-10-01,77.99,,,,open,-9.3,-0.027,2026-10,1.1,False
2026-10-ERIE,ERIE,SHORT,SHORT,2,2026-10-01,216.0,,,,open,-12.86,-0.402,2026-10,1.1,False
2026-10-IP,IP,SHORT,SHORT,19,2026-10-01,32.52,,,,open,-9.21,1.24,2026-10,1.1,False
2026-10-TSLA,TSLA,LONG,LONG,1,2026-10-01,355.74,,,,open,-1.72,2.213,2026-10,1.09,False
2026-10-AON,AON,LONG,LONG,2,2026-10-01,278.9,,,,open,-1.75,-0.238,2026-10,1.09,False
2026-10-BE,BE,LONG,LONG,2,2026-10-01,285.78,,,,open,-1.33,4.261,2026-10,1.09,False
