ticker,direction,shares,entry_date,target_exit,est_entry,tp,order_id,status,score,exit_date,exit_price,dollar_pnl,stop
CRM,LONG,39,2026-08-28,2026-09-27,250.14,260.15,1253,closed,39.0455,2026-08-28,260.15,376.66,
CRM,LONG,44,2026-08-27,2026-09-26,226.8,235.87,1249,cancelled,39.0455,,,0.0,
TGT,LONG,64,2026-08-20,2026-09-19,156.957,162.31,898,closed,35.2669,2026-08-21,162.31,341.25,150.68
CAT,LONG,11,2026-08-06,2026-09-05,865.8691,905.9,730,closed,84.7709,2026-08-07,836.01,-329.75,831.23
LLY,LONG,8,2026-08-07,2026-09-06,1193.1363,1242.74,778,closed,71.5754,2026-08-19,1250.91,460.87,1145.41
UNH,LONG,23,2026-07-17,2026-08-16,429.7374,443.56,220,closed,37.8295,2026-08-04,409.31,-471.14,412.55
AMZN,LONG,38,2026-07-31,2026-08-30,263.4287,272.96,570,closed,110.4258,2026-07-31,272.96,360.86,252.89
GOOGL,LONG,30,2026-07-23,2026-08-22,320.6763,337.74,294,closed,162.0426,2026-07-29,337.74,510.59,307.85
LMT,LONG,17,2026-07-24,2026-08-23,571.0,591.56,308,closed,20.3756,2026-07-28,591.56,347.11,548.16
INTC,LONG,96,2026-07-24,2026-08-23,100.6,108.22,303,closed,35.1684,2026-07-24,99.86,-73.46,99.9
GS,LONG,8,2026-07-15,2026-08-14,1149.03625,1187.16,155,closed,123.0932,2026-07-16,1095.69,-428.06,1095.84
NKE,LONG,231,2026-07-02,2026-08-01,44.0694,44.96,5,closed,16.0394,2026-07-02,44.96,202.93,41.5
