ticker,shares,entry_date,target_exit,est_entry,stop,order_id,status,score,exit_date,exit_price,dollar_pnl
CSX,196,2026-08-03,2026-08-24,50.5856,46.8,628.0,closed,9.0,2026-08-24,51.8761,251.59
UNP,34,2026-08-03,2026-08-24,295.3321,268.76,632.0,closed,8.0,2026-08-24,307.0,395.38
AMGN,25,2026-08-03,2026-08-24,390.0436,356.79,636.0,closed,8.0,2026-08-24,438.5,1210.07
PM,52,2026-08-03,2026-08-24,192.521,175.55,640.0,closed,8.0,2026-08-24,190.0,-132.41
MU,9,2026-07-02,2026-07-23,1013.62,932.42,1336289103.0,closed,8.0,2026-07-07,921.61,-829.38
LRCX,24,2026-07-02,2026-07-23,384.0,353.0,1336289068.0,closed,8.0,2026-07-02,352.76,-752.14
CAT,9,2026-07-02,2026-07-23,980.12,901.6,1336289087.0,closed,8.0,2026-07-15,901.23,-711.29
PANW,28,2026-07-02,2026-07-23,350.65,325.68,1336289060.0,closed,8.0,2026-07-08,325.57,-704.63
AMAT,14,2026-07-02,2026-07-23,650.71,599.84,1336289093.0,closed,8.0,2026-07-02,599.5,-719.31
MRK,76,2026-08-03,2026-08-24,130.7,120.24,644.0,cancelled,7.0,,,0.0
MU,9,2026-07-07,,921.61,,,closed,,2026-07-14,988.55,-604.83
PANW,28,2026-07-08,,325.57,,,closed,,2026-07-14,352.1,-745.23
