ticker,direction,shares,entry_date,target_exit,est_entry,stop,order_id,status,hurst,regime,exit_date,dollar_pnl,exit_price
META,LONG,13,2026-09-23,2026-10-03,745.8038,701.93,899.0,closed,0.6937,trending,2026-10-05,-229.5,728.25
CRWD,LONG,39,2026-09-23,2026-10-03,250.778,237.92,907.0,closed,0.6898,trending,2026-10-05,748.33,270.0
FTNT,LONG,57,2026-09-23,2026-10-03,175.6991,166.25,919.0,closed,0.622,trending,2026-10-05,210.2,179.41
SLV,LONG,164,2026-08-31,2026-09-10,60.78,57.74,1273.0,closed,0.7035,trending,2026-09-10,-332.07,58.39
MSFT,LONG,20,2026-08-17,2026-08-27,491.5145,466.94,965.0,closed,0.7847,trending,2026-08-27,53.79,494.27
NOW,LONG,81,2026-08-17,2026-08-27,122.3235,116.21,977.0,closed,0.8369,trending,2026-08-27,661.76,130.51
INTU,LONG,29,2026-08-17,2026-08-27,338.1876,321.28,981.0,closed,0.7332,trending,2026-08-27,401.26,352.07
SLV,LONG,167,2026-08-17,2026-08-27,59.0165,56.07,985.0,closed,0.6834,trending,2026-08-27,446.78,61.7
PYPL,LONG,174,2026-08-03,2026-08-13,58.1263,54.56,628.0,closed,0.6596,trending,2026-08-13,244.63,59.54
INTU,LONG,31,2026-08-03,2026-08-13,326.0352,304.95,632.0,closed,0.7533,trending,2026-08-13,307.89,336.01
PYPL,LONG,178,2026-07-20,2026-07-30,56.5961,53.3,255.0,closed,0.6664,trending,2026-07-30,152.41,57.46
MU,LONG,8,2026-06-22,2026-07-02,1199.13,1139.17,5.0,cancelled,0.7101,trending,2026-06-23,0.0,
AMAT,LONG,15,2026-06-22,2026-07-02,634.47,602.75,9.0,cancelled,0.6954,trending,2026-06-23,0.0,
KLAC,LONG,37,2026-06-22,2026-07-02,264.0,250.8,13.0,cancelled,0.6865,trending,2026-06-23,0.0,
LRCX,LONG,25,2026-06-22,2026-07-02,397.84,377.95,17.0,cancelled,0.7258,trending,2026-06-23,0.0,
AMD,LONG,18,2026-06-22,2026-07-02,544.6,517.37,21.0,cancelled,0.6539,trending,2026-06-23,0.0,
CVX,LONG,51,2026-08-03,2026-08-13,194.82,185.08,636.0,cancelled,0.731,trending,,0.0,
ORCL,LONG,66,2026-08-17,2026-08-27,150.65,143.12,969.0,cancelled,0.7312,trending,2026-08-17,0.0,
SWKS,LONG,100,2026-08-17,2026-08-27,69.4909,66.22,973.0,closed,0.6451,trending,2026-08-18,-332.35,66.18
CRM,LONG,39,2026-08-31,2026-09-10,254.38,241.66,1249.0,cancelled,0.7052,trending,,0.0,
NOW,LONG,70,2026-08-31,2026-09-10,142.1,134.99,1253.0,closed,0.7541,trending,2026-09-08,-608.61,134.84
SNPS,LONG,22,2026-08-31,2026-09-10,440.17,418.16,1257.0,closed,0.6415,trending,2026-09-01,-453.39,418.0
CRWD,LONG,45,2026-08-31,2026-09-10,218.87,207.93,1261.0,closed,0.7473,trending,2026-09-02,-760.2,207.86
ORCL,LONG,66,2026-08-31,2026-09-10,149.9,142.41,1265.0,closed,0.7349,trending,2026-09-01,-443.29,142.4
PANW,LONG,27,2026-08-31,2026-09-10,369.87,351.38,1269.0,closed,0.7292,trending,2026-09-02,-782.55,344.0752
INTC,LONG,81,2026-09-23,2026-10-03,123.6935,116.45,895.0,closed,0.7162,trending,2026-09-28,-588.04,116.45
SWKS,LONG,112,2026-09-23,2026-10-03,90.5497,84.22,903.0,closed,0.6512,trending,2026-10-01,-714.71,84.18
QCOM,LONG,50,2026-09-23,2026-10-03,198.9618,186.67,911.0,closed,0.6655,trending,2026-09-29,-618.9,186.61
NET,LONG,28,2026-09-23,2026-10-03,352.7,335.06,915.0,cancelled,0.7107,trending,2026-09-24,0.0,
INTU,SHORT,29,2026-09-08,,320.64,,,closed,,,2026-09-09,84.89,317.63
CRWD,,36,2026-10-07,2026-10-21,277.49,263.62,985.0,pending_open,0.7331,trending,,,
DDOG,,35,2026-10-07,2026-10-21,278.93,264.98,989.0,pending_open,0.6949,trending,,,
NET,,28,2026-10-07,2026-10-21,351.0,333.45,993.0,pending_open,0.6949,trending,,,
ZS,,46,2026-10-07,2026-10-21,214.88,204.14,997.0,pending_open,0.6027,trending,,,
