ticker,shares,entry_date,target_exit,est_entry,stop_price,order_id,status,discount_pct,institution,exit_date,exit_price,dollar_pnl,exit_order_id
DD,109,2026-06-10,2026-06-15,49.02,44.26,5,cancelled,62.6,STATE STREET CORP,2026-06-23,,0.0,80.0
ADBE,21,2026-06-10,2026-06-15,233.8,227.13,5,closed,55.8,"BLACKROCK, INC.",2026-06-11,226.88,-147.61,82.0
NKE,111,2026-06-11,2026-06-16,45.7,43.37,5,closed,52.7,VAN ECK ASSOCIATES CORP,2026-06-23,42.77,324.02,84.0
KLAC,19,2026-06-25,2026-06-30,255.77,241.28,7,closed,82.4,VANGUARD CAPITAL MANAGEMENT LLC,2026-06-25,248.0316,-149.32,
CMCSA,204,2026-06-15,2026-06-20,24.3555,23.77,11,closed,49.8,WELLS FARGO & COMPANY/MN,2026-06-16,23.77,-120.7,126.0
FAST,109,2026-06-17,2026-06-23,45.79,44.45,21,closed,34.8,"NUVEEN, LLC",2026-06-23,45.89,9.67,88.0
CRM,31,2026-06-17,2026-06-22,160.74,147.91,25,closed,33.4,"SANDERS CAPITAL, LLC",2026-06-17,155.96,-150.48,
CMCSA,222,2026-06-23,2026-06-28,22.63,21.95,94,closed,54.3,WELLS FARGO & COMPANY/MN,2026-06-29,26.22,794.38,126.0
CRM,33,2026-06-23,2026-06-28,152.48,147.91,97,closed,38.2,"SANDERS CAPITAL, LLC",2026-06-29,159.88,241.89,128.0
ADBE,25,2026-06-25,2026-06-30,193.3,187.5,112,closed,63.5,"BLACKROCK, INC.",2026-06-30,203.9,262.7,158.0
ACN,39,2026-06-25,2026-06-30,128.91,125.04,115,closed,60.2,"BLACKROCK, INC.",2026-06-29,125.01,-154.4,
FAST,108,2026-06-25,2026-06-30,46.45,45.06,127,closed,34.5,"NUVEEN, LLC",2026-06-30,47.25,84.08,160.0
HCA,12,2026-06-25,2026-06-30,387.59,375.96,130,closed,23.2,VANGUARD FIDUCIARY TRUST CO,2026-06-30,391.0,38.63,162.0
KLAC,19,2026-06-26,2026-07-01,248.7974,241.28,109,closed,82.3,VANGUARD CAPITAL MANAGEMENT LLC,2026-06-29,249.62,14.43,130.0
NKE,121,2026-06-29,2026-07-04,41.38,40.14,133,closed,56.7,VAN ECK ASSOCIATES CORP,2026-07-01,40.11,-155.99,
PFE,205,2026-06-29,2026-07-04,24.39,23.66,139,closed,35.0,MASSACHUSETTS FINANCIAL SERVICES CO /MA/,2026-07-06,23.65,-154.09,143.0
KLAC,20,2026-06-12,2026-06-17,248.74,241.28,11,cancelled,83.1,VANGUARD CAPITAL MANAGEMENT LLC,2026-06-29,,0.0,
KLAC,20,2026-06-24,2026-06-29,248.74,241.28,81,cancelled,83.3,VANGUARD FIDUCIARY TRUST CO,2026-06-29,,0.0,
ACN,40,2026-06-30,2026-07-05,123.26,119.56,165,closed,61.5,"BLACKROCK, INC.",2026-07-06,135.7,475.37,145.0
CMCSA,204,2026-06-30,2026-07-05,24.81,24.07,168,closed,50.4,WELLS FARGO & COMPANY/MN,2026-07-01,24.06,-153.0,
ADBE,23,2026-07-01,2026-07-06,209.37,203.04,125,closed,61.9,"BLACKROCK, INC.",2026-07-06,216.39,160.31,147.0
CRM,30,2026-07-01,2026-07-06,162.52,157.64,131,closed,35.5,"SANDERS CAPITAL, LLC",2026-07-06,163.56,28.9,149.0
FAST,103,2026-07-01,2026-07-06,48.55,47.09,134,closed,32.0,"NUVEEN, LLC",2026-07-06,48.45,-12.61,151.0
KLAC,18,2026-06-30,2026-07-07,281.6274,241.86,146,closed,80.9,VANGUARD FIDUCIARY TRUST CO,2026-07-02,241.76,-718.8,48.0
UPS,45,2026-07-02,2026-07-07,110.5,107.19,150,closed,36.1,JPMORGAN CHASE & CO,2026-07-07,110.5,-2.3,143.0
NKE,114,2026-07-07,2026-07-12,43.88,42.56,149,closed,54.0,VAN ECK ASSOCIATES CORP,2026-07-08,42.2,-193.83,
CMCSA,212,2026-07-07,2026-07-12,23.85,23.13,152,closed,52.1,WELLS FARGO & COMPANY/MN,2026-07-09,22.92,-199.63,
CME,21,2026-07-07,2026-07-12,238.0,230.86,158,closed,21.1,VANGUARD FIDUCIARY TRUST CO,2026-07-13,241.2,64.9,
ICE,36,2026-07-07,2026-07-12,135.25,131.19,161,closed,17.9,"NUVEEN, LLC",2026-07-13,135.26,-1.94,
KLAC,23,2026-07-08,2026-07-13,215.14,208.69,144,closed,85.2,VANGUARD CAPITAL MANAGEMENT LLC,2026-07-13,221.5,143.98,
NKE,117,2026-07-09,2026-07-14,42.7,41.42,144,closed,54.5,VAN ECK ASSOCIATES CORP,2026-07-14,44.32,187.22,160.0
CMCSA,213,2026-07-10,2026-07-15,23.5,22.79,144,closed,52.2,WELLS FARGO & COMPANY/MN,2026-07-15,23.54,6.04,187.0
ACN,38,2026-07-14,2026-07-19,130.37,126.46,166,closed,57.3,"BLACKROCK, INC.",2026-07-20,141.5,420.63,254.0
ADBE,22,2026-07-14,2026-07-19,221.58,214.93,169,closed,57.1,"BLACKROCK, INC.",2026-07-20,233.0,248.94,256.0
PFE,204,2026-07-14,2026-07-19,24.37,23.64,172,closed,34.5,MASSACHUSETTS FINANCIAL SERVICES CO /MA/,2026-07-27,24.6,44.54,371.0
ORCL,38,2026-07-14,2026-07-19,132.0,128.04,175,closed,34.3,FIL LTD,2026-07-14,128.03,-153.16,
FAST,109,2026-07-15,2026-07-20,45.81,44.67,170,closed,35.2,"NUVEEN, LLC",2026-07-15,44.54,-166.9,168.0
CMCSA,211,2026-07-16,2026-07-21,23.68,22.97,197,closed,51.9,WELLS FARGO & COMPANY/MN,2026-07-21,23.72,5.98,271.0
FAST,110,2026-07-16,2026-07-21,45.66,44.29,200,closed,35.8,"NUVEEN, LLC",2026-07-21,44.8064,-96.21,273.0
KLAC,24,2026-07-17,2026-07-22,209.01,202.74,222,closed,85.0,VANGUARD CAPITAL MANAGEMENT LLC,2026-07-17,212.58,83.38,248.0
UPS,42,2026-07-17,2026-07-22,117.24,113.72,228,closed,31.7,JPMORGAN CHASE & CO,2026-07-20,113.59,-155.6,
CRM,29,2026-07-17,2026-07-22,171.5,166.35,231,closed,28.9,"SANDERS CAPITAL, LLC",2026-07-22,169.0,-74.8,269.0
KLAC,19,2026-06-25,2026-07-01,255.77,248.1,109,closed,83.5,VANGUARD FIDUCIARY TRUST CO,2026-06-25,248.03,-147.06,12.0
NKE,116,2026-07-15,2026-07-20,43.24,41.94,164,closed,54.5,VAN ECK ASSOCIATES CORP,2026-07-20,43.52,52.16,260.0
ADBE,22,2026-07-21,2026-07-26,223.7195,217.01,276,closed,56.4,"BLACKROCK, INC.",2026-07-23,216.82,-152.99,
ACN,34,2026-07-21,2026-07-26,141.3721,137.13,279,closed,55.4,"BLACKROCK, INC.",2026-07-23,137.33,-138.63,
NKE,115,2026-07-21,2026-07-26,43.2277,41.93,282,closed,53.8,VAN ECK ASSOCIATES CORP,2026-07-22,41.73,-173.46,285.0
ADBE,23,2026-07-24,2026-07-29,217.0,210.49,315,closed,60.6,"BLACKROCK, INC.",2026-07-29,249.94,755.31,421.0
ACN,36,2026-07-24,2026-07-29,142.89,138.6,318,closed,57.2,"BLACKROCK, INC.",2026-07-29,165.04,795.08,423.0
LOW,24,2026-07-24,2026-07-29,203.1,197.01,327,closed,23.6,RAYMOND JAMES FINANCIAL INC,2026-07-29,215.5,295.3,425.0
KLAC,22,2026-07-24,2026-07-29,215.25,208.79,330,closed,23.2,CHARLES SCHWAB INVESTMENT MANAGEMENT INC,2026-07-24,208.77,-144.85,
IBM,24,2026-07-24,2026-07-29,209.25,202.97,333,closed,22.9,VANGUARD CAPITAL MANAGEMENT LLC,2026-07-29,226.54,412.65,427.0
CMCSA,223,2026-07-27,2026-08-01,22.56,21.88,382,closed,54.3,WELLS FARGO & COMPANY/MN,2026-08-03,24.4948,428.87,635.0
NKE,119,2026-07-23,2026-07-28,41.7451,40.49,294,closed,55.2,VAN ECK ASSOCIATES CORP,2026-07-28,42.6504,106.5,413.0
HCA,13,2026-07-23,2026-07-28,374.1038,362.88,303,closed,26.4,VANGUARD CAPITAL MANAGEMENT LLC,2026-07-28,389.88,203.88,415.0
NKE,116,2026-07-29,2026-08-03,42.6386,41.36,430,closed,54.3,VAN ECK ASSOCIATES CORP,2026-07-30,41.35,-151.79,
UPS,47,2026-07-29,2026-08-03,104.65,101.51,436,closed,38.5,JPMORGAN CHASE & CO,2026-08-11,104.11,-27.68,637.0
KLAC,28,2026-07-29,2026-08-03,180.9486,175.52,439,closed,33.0,CHARLES SCHWAB INVESTMENT MANAGEMENT INC,2026-07-29,175.5,-154.86,470.0
PFE,197,2026-07-29,2026-08-03,25.31,24.55,442,closed,32.4,MASSACHUSETTS FINANCIAL SERVICES CO /MA/,2026-07-30,24.55,-152.05,
ADBE,19,2026-07-30,2026-08-04,252.41,244.84,499,closed,45.9,SEILERN INVESTMENT MANAGEMENT LTD,2026-07-30,244.8,-146.88,
CRM,26,2026-07-30,2026-08-04,181.96,176.5,505,closed,27.3,GENERALI POWSZECHNE TOWARZYSTWO EMERYTAL,2026-07-30,176.4,-146.85,
MSFT,11,2026-07-30,2026-08-04,437.03,423.92,511,closed,21.9,EURIZON CAPITAL SGR S.P.A.,2026-08-04,481.76,489.73,654.0
NKE,117,2026-07-31,2026-08-05,41.98,40.72,572,closed,56.8,IFM INVESTORS PTY LTD,2026-08-05,41.55,-52.62,680.0
ACN,31,2026-07-31,2026-08-05,160.93,156.1,575,closed,49.3,MEDIOLANUM INTERNATIONAL FUNDS LTD,2026-08-05,172.33,351.09,682.0
ADBE,20,2026-07-31,2026-08-05,244.49,237.16,578,closed,49.1,SEILERN INVESTMENT MANAGEMENT LTD,2026-08-05,260.05,308.9,684.0
PFE,201,2026-07-31,2026-08-05,24.79,24.05,581,closed,39.7,IFM INVESTORS PTY LTD,2026-08-11,26.61,363.46,686.0
CRM,28,2026-07-31,2026-08-05,178.12,172.78,587,closed,30.1,RATHBONES GROUP PLC,2026-08-05,192.6,403.13,688.0
DIS,52,2026-07-31,2026-08-05,96.21,93.32,590,closed,26.2,"MIRAE ASSET GLOBAL INVESTMENTS CO., LTD.",2026-08-05,101.6,277.97,690.0
CMCSA,204,2026-08-04,2026-08-09,24.38,23.65,657,closed,50.5,FORT WASHINGTON INVESTMENT ADVISORS INC ,2026-08-10,25.05,134.3,818.0
HCA,12,2026-08-05,2026-08-10,401.99,389.93,696,closed,20.4,SEB ASSET MANAGEMENT AB,2026-08-10,408.53,76.19,820.0
NKE,118,2026-08-06,2026-08-11,42.5615,41.28,736,closed,56.5,ABERDEEN GROUP PLC,2026-08-10,41.29,-152.36,
ADBE,19,2026-08-06,2026-08-11,253.0,245.41,739,closed,46.7,SEILERN INVESTMENT MANAGEMENT LTD,2026-08-11,270.06,321.84,824.0
ACN,30,2026-08-06,2026-08-11,161.0,156.17,742,closed,44.4,"SUMITOMO MITSUI TRUST GROUP, INC.",2026-08-11,175.66,437.5,826.0
CRM,26,2026-08-07,2026-08-12,191.17,185.43,784,closed,37.7,UNIVERSAL- BETEILIGUNGS- UND SERVICEGESE,2026-08-12,192.29,26.82,870.0
ORCL,34,2026-08-07,2026-08-12,145.93,141.55,787,closed,25.9,ASSENAGON ASSET MANAGEMENT S.A.,2026-08-12,150.1,139.48,909.0
SPGI,12,2026-08-07,2026-08-12,405.05,392.9,790,closed,19.0,UNIVERSAL- BETEILIGUNGS- UND SERVICEGESE,2026-08-12,407.0,21.11,874.0
CMCSA,198,2026-08-11,2026-08-16,25.07,24.32,832,closed,54.5,"FIRST EAGLE INVESTMENT MANAGEMENT, LLC",2026-08-17,25.97,175.86,972.0
UNH,12,2026-08-11,2026-08-16,409.25,396.97,835,closed,25.2,"BLACKROCK, INC.",2026-08-14,396.5,-155.29,
NKE,121,2026-08-12,2026-08-17,41.16,39.93,877,closed,57.7,ABERDEEN GROUP PLC,2026-08-17,40.15,-124.53,974.0
ADBE,19,2026-08-12,2026-08-17,258.48,250.73,880,closed,50.7,"BLACKROCK, INC.",2026-08-17,259.32,13.67,976.0
ACN,27,2026-08-12,2026-08-17,177.0,171.69,883,closed,47.4,UNIVERSAL- BETEILIGUNGS- UND SERVICEGESE,2026-08-17,173.06,-108.67,978.0
UPS,47,2026-08-13,2026-08-18,104.75,101.61,918,closed,41.1,"MERIT FINANCIAL GROUP, LLC",2026-08-18,102.0,-131.55,1013.0
CRM,25,2026-08-13,2026-08-18,195.99,190.11,921,closed,35.6,UNIVERSAL- BETEILIGUNGS- UND SERVICEGESE,2026-08-17,190.07,-150.29,
DIS,48,2026-08-13,2026-08-18,104.0,100.88,927,closed,22.1,BANK OF MONTREAL /CAN/,2026-08-18,103.85,-9.5,1015.0
IBM,20,2026-08-13,2026-08-18,239.0,231.83,930,closed,19.7,"PFA PENSION, FORSIKRINGSAKTIESELSKAB",2026-08-17,231.26,-157.09,
UNH,12,2026-08-17,2026-08-22,398.6,386.64,984,closed,26.5,"BLACKROCK, INC.",2026-08-19,386.53,-147.13,
NKE,100,2026-08-18,2026-08-23,39.62,38.43,1018,closed,57.5,VAN ECK ASSOCIATES CORP,2026-08-24,41.02,137.71,1170.0
CMCSA,195,2026-08-18,2026-08-23,25.9,25.12,1021,closed,53.8,"FIRST EAGLE INVESTMENT MANAGEMENT, LLC",2026-08-24,26.89,190.71,1172.0
ADBE,19,2026-08-18,2026-08-23,261.0,253.17,1024,closed,52.5,"BLACKROCK, INC.",2026-08-24,274.16,247.74,1174.0
ACN,29,2026-08-18,2026-08-23,173.08,167.89,1027,closed,48.9,NATIONAL PENSION SERVICE,2026-08-24,184.0,314.37,1176.0
KLAC,25,2026-08-19,2026-08-24,196.908,191.0,1060,closed,40.7,ROYAL BANK OF CANADA,2026-08-19,188.7,-207.49,
DHR,25,2026-08-19,2026-08-24,203.57,197.46,1072,closed,22.0,"BLACKROCK, INC.",2026-08-24,215.81,303.69,1178.0
KLAC,26,2026-08-21,2026-08-26,188.14,182.5,1128,closed,43.4,ROYAL BANK OF CANADA,2026-08-21,182.39,-151.79,
UPS,48,2026-08-21,2026-08-26,103.27,100.17,1131,closed,36.8,JPMORGAN CHASE & CO,2026-08-26,105.1,85.54,1253.0
UNH,12,2026-08-21,2026-08-26,387.02,375.41,1134,closed,29.6,"BLACKROCK, INC.",2026-08-26,396.01,105.59,1255.0
ORCL,35,2026-08-21,2026-08-26,144.05,139.73,1137,closed,24.2,"NUVEEN, LLC",2026-08-26,147.02,101.65,1257.0
PFE,180,2026-08-21,2026-08-26,27.76,26.93,1140,closed,20.5,DEUTSCHE BANK AG\,2026-08-26,28.4,112.87,1259.0
KLAC,27,2026-08-24,2026-08-29,180.6637,175.24,1181,closed,44.0,ROYAL BANK OF CANADA,2026-08-28,175.21,-149.54,
NKE,122,2026-08-25,2026-08-30,39.48,38.3,1205,closed,55.7,VAN ECK ASSOCIATES CORP,2026-08-27,38.29,-147.49,
CMCSA,185,2026-08-25,2026-08-30,26.93,26.12,1208,closed,51.2,"FIRST EAGLE INVESTMENT MANAGEMENT, LLC",2026-08-31,26.76,-33.78,1256.0
ADBE,18,2026-08-25,2026-08-30,270.45,262.34,1211,closed,48.4,"BLACKROCK, INC.",2026-08-31,287.5,304.6,1258.0
ACN,26,2026-08-25,2026-08-30,184.02,178.5,1214,closed,44.0,NATIONAL PENSION SERVICE,2026-08-31,187.38,85.06,1260.0
QCOM,31,2026-08-25,2026-08-30,159.96,155.16,1217,closed,19.1,ASPEX MANAGEMENT (HK) LTD,2026-08-31,164.94,152.08,1262.0
ADBE,21,2026-09-28,2026-10-03,230.68,223.76,937,open,56.0,"BLACKROCK, INC.",,,,
