ticker,direction,shares,entry_date,target_exit,est_entry,stop_price,order_id,status,discount_pct,institution,exit_date,exit_price,dollar_pnl,exit_order_id
ADBE,LONG,21,2026-09-28,2026-10-03,230.68,223.76,937.0,closed,56.0,"BLACKROCK, INC.",2026-10-05,238.5,164.22,985.0
NKE,,137,2026-09-29,2026-10-04,36.4227,35.33,954.0,closed,60.4,VAN ECK ASSOCIATES CORP,2026-09-30,35.3173,-153.76,
NKE,LONG,141,2026-09-28,2026-10-03,35.41,,934.0,cancelled,61.1,VAN ECK ASSOCIATES CORP,2026-09-28,,0.0,
CMCSA,LONG,185,2026-08-25,2026-08-30,26.93,26.12,1208.0,closed,51.2,"FIRST EAGLE INVESTMENT MANAGEMENT, LLC",2026-08-31,26.76,-33.78,1256.0
ADBE,LONG,18,2026-08-25,2026-08-30,270.45,262.34,1211.0,closed,48.4,"BLACKROCK, INC.",2026-08-31,287.5,304.6,1258.0
ACN,LONG,26,2026-08-25,2026-08-30,184.02,178.5,1214.0,closed,44.0,NATIONAL PENSION SERVICE,2026-08-31,187.38,85.06,1260.0
QCOM,LONG,31,2026-08-25,2026-08-30,159.96,155.16,1217.0,closed,19.1,ASPEX MANAGEMENT (HK) LTD,2026-08-31,164.94,152.08,1262.0
KLAC,LONG,27,2026-08-24,2026-08-29,180.6637,175.24,1181.0,closed,44.0,ROYAL BANK OF CANADA,2026-08-28,175.21,-149.54,
NKE,LONG,122,2026-08-25,2026-08-30,39.48,38.3,1205.0,closed,55.7,VAN ECK ASSOCIATES CORP,2026-08-27,38.29,-147.49,
UPS,LONG,48,2026-08-21,2026-08-26,103.27,100.17,1131.0,closed,36.8,JPMORGAN CHASE & CO,2026-08-26,105.1,85.54,1253.0
UNH,LONG,12,2026-08-21,2026-08-26,387.02,375.41,1134.0,closed,29.6,"BLACKROCK, INC.",2026-08-26,396.01,105.59,1255.0
ORCL,LONG,35,2026-08-21,2026-08-26,144.05,139.73,1137.0,closed,24.2,"NUVEEN, LLC",2026-08-26,147.02,101.65,1257.0
PFE,LONG,180,2026-08-21,2026-08-26,27.76,26.93,1140.0,closed,20.5,DEUTSCHE BANK AG\,2026-08-26,28.4,112.87,1259.0
NKE,LONG,100,2026-08-18,2026-08-23,39.62,38.43,1018.0,closed,57.5,VAN ECK ASSOCIATES CORP,2026-08-24,41.02,137.71,1170.0
CMCSA,LONG,195,2026-08-18,2026-08-23,25.9,25.12,1021.0,closed,53.8,"FIRST EAGLE INVESTMENT MANAGEMENT, LLC",2026-08-24,26.89,190.71,1172.0
ADBE,LONG,19,2026-08-18,2026-08-23,261.0,253.17,1024.0,closed,52.5,"BLACKROCK, INC.",2026-08-24,274.16,247.74,1174.0
ACN,LONG,29,2026-08-18,2026-08-23,173.08,167.89,1027.0,closed,48.9,NATIONAL PENSION SERVICE,2026-08-24,184.0,314.37,1176.0
DHR,LONG,25,2026-08-19,2026-08-24,203.57,197.46,1072.0,closed,22.0,"BLACKROCK, INC.",2026-08-24,215.81,303.69,1178.0
KLAC,LONG,26,2026-08-21,2026-08-26,188.14,182.5,1128.0,closed,43.4,ROYAL BANK OF CANADA,2026-08-21,182.39,-151.79,
KLAC,LONG,26,2026-08-20,2026-08-25,188.35,,1103.0,cancelled,43.0,ROYAL BANK OF CANADA,2026-08-20,,0.0,
UPS,LONG,49,2026-08-20,2026-08-25,101.66,,1106.0,cancelled,36.6,JPMORGAN CHASE & CO,2026-08-20,,0.0,
UNH,LONG,12,2026-08-20,2026-08-25,387.7,,1109.0,cancelled,28.9,"BLACKROCK, INC.",2026-08-20,,0.0,
ORCL,LONG,34,2026-08-20,2026-08-25,144.48,,1112.0,cancelled,23.3,"NUVEEN, LLC",2026-08-20,,0.0,
PFE,LONG,178,2026-08-20,2026-08-25,28.02,,1115.0,cancelled,19.2,DEUTSCHE BANK AG\,2026-08-20,,0.0,
UNH,LONG,12,2026-08-17,2026-08-22,398.6,386.64,984.0,closed,26.5,"BLACKROCK, INC.",2026-08-19,386.53,-147.13,
KLAC,LONG,25,2026-08-19,2026-08-24,196.908,191.0,1060.0,closed,40.7,ROYAL BANK OF CANADA,2026-08-19,188.7,-207.49,
UPS,LONG,49,2026-08-19,2026-08-24,101.88,,1063.0,cancelled,37.2,JPMORGAN CHASE & CO,2026-08-19,,0.0,
ORCL,LONG,35,2026-08-19,2026-08-24,142.19,,1066.0,cancelled,23.8,"NUVEEN, LLC",2026-08-19,,0.0,
PFE,LONG,183,2026-08-19,2026-08-24,27.21,,1069.0,cancelled,22.0,DEUTSCHE BANK AG\,2026-08-19,,0.0,
UPS,LONG,47,2026-08-13,2026-08-18,104.75,101.61,918.0,closed,41.1,"MERIT FINANCIAL GROUP, LLC",2026-08-18,102.0,-131.55,1013.0
DIS,LONG,48,2026-08-13,2026-08-18,104.0,100.88,927.0,closed,22.1,BANK OF MONTREAL /CAN/,2026-08-18,103.85,-9.5,1015.0
KLAC,LONG,25,2026-08-18,2026-08-23,197.61,,1030.0,cancelled,37.4,ROYAL BANK OF CANADA,2026-08-18,,0.0,
PFE,LONG,185,2026-08-18,2026-08-23,26.96,,1033.0,cancelled,23.1,DEUTSCHE BANK AG\,2026-08-18,,0.0,
ORCL,LONG,35,2026-08-18,2026-08-23,142.0,,1036.0,cancelled,21.8,"NUVEEN, LLC",2026-08-18,,0.0,
CRM,LONG,25,2026-08-13,2026-08-18,195.99,190.11,921.0,closed,35.6,UNIVERSAL- BETEILIGUNGS- UND SERVICEGESE,2026-08-17,190.07,-150.29,
CMCSA,LONG,198,2026-08-11,2026-08-16,25.07,24.32,832.0,closed,54.5,"FIRST EAGLE INVESTMENT MANAGEMENT, LLC",2026-08-17,25.97,175.86,972.0
NKE,LONG,121,2026-08-12,2026-08-17,41.16,39.93,877.0,closed,57.7,ABERDEEN GROUP PLC,2026-08-17,40.15,-124.53,974.0
ADBE,LONG,19,2026-08-12,2026-08-17,258.48,250.73,880.0,closed,50.7,"BLACKROCK, INC.",2026-08-17,259.32,13.67,976.0
ACN,LONG,27,2026-08-12,2026-08-17,177.0,171.69,883.0,closed,47.4,UNIVERSAL- BETEILIGUNGS- UND SERVICEGESE,2026-08-17,173.06,-108.67,978.0
IBM,LONG,20,2026-08-13,2026-08-18,239.0,231.83,930.0,closed,19.7,"PFA PENSION, FORSIKRINGSAKTIESELSKAB",2026-08-17,231.26,-157.09,
KLAC,LONG,24,2026-08-17,2026-08-22,206.02,,981.0,cancelled,38.0,ROYAL BANK OF CANADA,2026-08-17,,,
UNH,LONG,12,2026-08-11,2026-08-16,409.25,396.97,835.0,closed,25.2,"BLACKROCK, INC.",2026-08-14,396.5,-155.29,
PFE,LONG,186,2026-08-14,2026-08-19,26.78,,964.0,cancelled,26.8,ENVESTNET ASSET MANAGEMENT INC,2026-08-14,,0.0,
ORCL,LONG,34,2026-08-07,2026-08-12,145.93,141.55,787.0,closed,25.9,ASSENAGON ASSET MANAGEMENT S.A.,2026-08-12,150.1,139.48,909.0
PFE,LONG,189,2026-08-13,2026-08-18,26.39,,924.0,cancelled,28.2,ENVESTNET ASSET MANAGEMENT INC,2026-08-13,,0.0,
CRM,LONG,26,2026-08-07,2026-08-12,191.17,185.43,784.0,closed,37.7,UNIVERSAL- BETEILIGUNGS- UND SERVICEGESE,2026-08-12,192.29,26.82,870.0
SPGI,LONG,12,2026-08-07,2026-08-12,405.05,392.9,790.0,closed,19.0,UNIVERSAL- BETEILIGUNGS- UND SERVICEGESE,2026-08-12,407.0,21.11,874.0
UPS,LONG,47,2026-08-12,2026-08-17,104.5,,886.0,cancelled,40.8,"MERIT FINANCIAL GROUP, LLC",2026-08-12,,0.0,
PFE,LONG,188,2026-08-12,2026-08-17,26.52,,889.0,cancelled,27.3,ENVESTNET ASSET MANAGEMENT INC,2026-08-12,,0.0,
UPS,LONG,47,2026-07-29,2026-08-03,104.65,101.51,436.0,closed,38.5,JPMORGAN CHASE & CO,2026-08-11,104.11,-27.68,637.0
PFE,LONG,201,2026-07-31,2026-08-05,24.79,24.05,581.0,closed,39.7,IFM INVESTORS PTY LTD,2026-08-11,26.61,363.46,686.0
ADBE,LONG,19,2026-08-06,2026-08-11,253.0,245.41,739.0,closed,46.7,SEILERN INVESTMENT MANAGEMENT LTD,2026-08-11,270.06,321.84,824.0
ACN,LONG,30,2026-08-06,2026-08-11,161.0,156.17,742.0,closed,44.4,"SUMITOMO MITSUI TRUST GROUP, INC.",2026-08-11,175.66,437.5,826.0
NKE,LONG,119,2026-08-11,2026-08-16,41.88,,829.0,cancelled,56.9,ABERDEEN GROUP PLC,2026-08-11,,0.0,
CMCSA,LONG,204,2026-08-04,2026-08-09,24.38,23.65,657.0,closed,50.5,FORT WASHINGTON INVESTMENT ADVISORS INC ,2026-08-10,25.05,134.3,818.0
HCA,LONG,12,2026-08-05,2026-08-10,401.99,389.93,696.0,closed,20.4,SEB ASSET MANAGEMENT AB,2026-08-10,408.53,76.19,820.0
NKE,LONG,118,2026-08-06,2026-08-11,42.5615,41.28,736.0,closed,56.5,ABERDEEN GROUP PLC,2026-08-10,41.29,-152.36,
ORCL,LONG,35,2026-08-06,2026-08-11,140.57,,745.0,cancelled,25.5,ASSENAGON ASSET MANAGEMENT S.A.,2026-08-06,,0.0,
CRM,LONG,27,2026-08-06,2026-08-11,184.77,,748.0,cancelled,24.2,ROBECO INSTITUTIONAL ASSET MANAGEMENT B.,2026-08-06,,0.0,
DIS,LONG,48,2026-08-06,2026-08-11,102.5,,751.0,cancelled,21.9,"MIRAE ASSET GLOBAL INVESTMENTS CO., LTD.",2026-08-06,,0.0,
NKE,LONG,117,2026-07-31,2026-08-05,41.98,40.72,572.0,closed,56.8,IFM INVESTORS PTY LTD,2026-08-05,41.55,-52.62,680.0
ACN,LONG,31,2026-07-31,2026-08-05,160.93,156.1,575.0,closed,49.3,MEDIOLANUM INTERNATIONAL FUNDS LTD,2026-08-05,172.33,351.09,682.0
ADBE,LONG,20,2026-07-31,2026-08-05,244.49,237.16,578.0,closed,49.1,SEILERN INVESTMENT MANAGEMENT LTD,2026-08-05,260.05,308.9,684.0
CRM,LONG,28,2026-07-31,2026-08-05,178.12,172.78,587.0,closed,30.1,RATHBONES GROUP PLC,2026-08-05,192.6,403.13,688.0
DIS,LONG,52,2026-07-31,2026-08-05,96.21,93.32,590.0,closed,26.2,"MIRAE ASSET GLOBAL INVESTMENTS CO., LTD.",2026-08-05,101.6,277.97,690.0
ORCL,LONG,34,2026-08-05,2026-08-10,144.67,,693.0,cancelled,24.8,ASSENAGON ASSET MANAGEMENT S.A.,2026-08-05,,0.0,
MSFT,LONG,11,2026-07-30,2026-08-04,437.03,423.92,511.0,closed,21.9,EURIZON CAPITAL SGR S.P.A.,2026-08-04,481.76,489.73,654.0
ORCL,LONG,35,2026-08-04,2026-08-09,140.1,,660.0,cancelled,26.8,ASSENAGON ASSET MANAGEMENT S.A.,2026-08-04,,0.0,
CMCSA,LONG,223,2026-07-27,2026-08-01,22.56,21.88,382.0,closed,54.3,WELLS FARGO & COMPANY/MN,2026-08-03,24.4948,428.87,635.0
ORCL,LONG,37,2026-08-03,2026-08-08,132.07,,640.0,cancelled,33.0,ASSENAGON ASSET MANAGEMENT S.A.,2026-08-03,,,
ORCL,LONG,38,2026-07-31,2026-08-05,130.45,,584.0,cancelled,34.2,ASSENAGON ASSET MANAGEMENT S.A.,2026-07-31,,0.0,
NKE,LONG,116,2026-07-29,2026-08-03,42.6386,41.36,430.0,closed,54.3,VAN ECK ASSOCIATES CORP,2026-07-30,41.35,-151.79,
PFE,LONG,197,2026-07-29,2026-08-03,25.31,24.55,442.0,closed,32.4,MASSACHUSETTS FINANCIAL SERVICES CO /MA/,2026-07-30,24.55,-152.05,
ACN,LONG,28,2026-07-30,2026-08-04,173.35,,496.0,cancelled,46.2,MEDIOLANUM INTERNATIONAL FUNDS LTD,2026-07-30,,0.0,
ADBE,LONG,19,2026-07-30,2026-08-04,252.41,244.84,499.0,closed,45.9,SEILERN INVESTMENT MANAGEMENT LTD,2026-07-30,244.8,-146.88,
ORCL,LONG,41,2026-07-30,2026-08-04,119.15,,502.0,cancelled,39.2,ASSENAGON ASSET MANAGEMENT S.A.,2026-07-30,,0.0,
CRM,LONG,26,2026-07-30,2026-08-04,181.96,176.5,505.0,closed,27.3,GENERALI POWSZECHNE TOWARZYSTWO EMERYTAL,2026-07-30,176.4,-146.85,
DIS,LONG,51,2026-07-30,2026-08-04,97.98,,508.0,cancelled,24.4,"MIRAE ASSET GLOBAL INVESTMENTS CO., LTD.",2026-07-30,,0.0,
ADBE,LONG,23,2026-07-24,2026-07-29,217.0,210.49,315.0,closed,60.6,"BLACKROCK, INC.",2026-07-29,249.94,755.31,421.0
ACN,LONG,36,2026-07-24,2026-07-29,142.89,138.6,318.0,closed,57.2,"BLACKROCK, INC.",2026-07-29,165.04,795.08,423.0
LOW,LONG,24,2026-07-24,2026-07-29,203.1,197.01,327.0,closed,23.6,RAYMOND JAMES FINANCIAL INC,2026-07-29,215.5,295.3,425.0
IBM,LONG,24,2026-07-24,2026-07-29,209.25,202.97,333.0,closed,22.9,VANGUARD CAPITAL MANAGEMENT LLC,2026-07-29,226.54,412.65,427.0
ORCL,LONG,41,2026-07-29,2026-08-03,119.62,,433.0,cancelled,40.1,FIL LTD,2026-07-29,,0.0,
KLAC,LONG,28,2026-07-29,2026-08-03,180.9486,175.52,439.0,closed,33.0,CHARLES SCHWAB INVESTMENT MANAGEMENT INC,2026-07-29,175.5,-154.86,470.0
NKE,LONG,119,2026-07-23,2026-07-28,41.7451,40.49,294.0,closed,55.2,VAN ECK ASSOCIATES CORP,2026-07-28,42.6504,106.5,413.0
HCA,LONG,13,2026-07-23,2026-07-28,374.1038,362.88,303.0,closed,26.4,VANGUARD CAPITAL MANAGEMENT LLC,2026-07-28,389.88,203.88,415.0
ORCL,LONG,42,2026-07-28,2026-08-02,118.4,,418.0,cancelled,40.1,FIL LTD,2026-07-28,,0.0,
UPS,LONG,43,2026-07-28,2026-08-02,113.71,,421.0,cancelled,34.1,JPMORGAN CHASE & CO,2026-07-28,,0.0,
PFE,LONG,200,2026-07-28,2026-08-02,24.89,,424.0,cancelled,34.0,MASSACHUSETTS FINANCIAL SERVICES CO /MA/,2026-07-28,,0.0,
PFE,LONG,204,2026-07-14,2026-07-19,24.37,23.64,172.0,closed,34.5,MASSACHUSETTS FINANCIAL SERVICES CO /MA/,2026-07-27,24.6,44.54,371.0
ORCL,LONG,42,2026-07-27,2026-08-01,117.45,,385.0,cancelled,42.6,FIL LTD,2026-07-27,,0.0,
UPS,LONG,43,2026-07-27,2026-08-01,115.19,,388.0,cancelled,33.1,JPMORGAN CHASE & CO,2026-07-27,,0.0,
KLAC,LONG,22,2026-07-24,2026-07-29,215.25,208.79,330.0,closed,23.2,CHARLES SCHWAB INVESTMENT MANAGEMENT INC,2026-07-24,208.77,-144.85,
CMCSA,LONG,211,2026-07-16,2026-07-21,23.68,22.97,197.0,closed,51.9,WELLS FARGO & COMPANY/MN,2026-07-21,23.72,5.98,271.0
FAST,LONG,110,2026-07-16,2026-07-21,45.66,44.29,200.0,closed,35.8,"NUVEEN, LLC",2026-07-21,44.8064,-96.21,273.0
CRM,LONG,29,2026-07-17,2026-07-22,171.5,166.35,231.0,closed,28.9,"SANDERS CAPITAL, LLC",2026-07-22,169.0,-74.8,269.0
ORCL,LONG,40,2026-07-24,2026-07-29,123.01,,321.0,cancelled,40.0,FIL LTD,2026-07-24,,0.0,
UPS,LONG,43,2026-07-24,2026-07-29,114.1,,324.0,cancelled,33.5,JPMORGAN CHASE & CO,2026-07-24,,0.0,
ADBE,LONG,22,2026-07-21,2026-07-26,223.7195,217.01,276.0,closed,56.4,"BLACKROCK, INC.",2026-07-23,216.82,-152.99,279.0
ACN,LONG,34,2026-07-21,2026-07-26,141.3721,137.13,279.0,closed,55.4,"BLACKROCK, INC.",2026-07-23,137.33,-138.63,283.0
NKE,LONG,115,2026-07-21,2026-07-26,43.2277,41.93,282.0,closed,53.8,VAN ECK ASSOCIATES CORP,2026-07-22,41.73,-173.46,285.0
ACN,LONG,38,2026-07-14,2026-07-19,130.37,126.46,166.0,closed,57.3,"BLACKROCK, INC.",2026-07-20,141.5,420.63,254.0
ADBE,LONG,22,2026-07-14,2026-07-19,221.58,214.93,169.0,closed,57.1,"BLACKROCK, INC.",2026-07-20,233.0,248.94,256.0
NKE,LONG,116,2026-07-15,2026-07-20,43.24,41.94,164.0,closed,54.5,VAN ECK ASSOCIATES CORP,2026-07-20,43.52,52.16,260.0
UPS,LONG,42,2026-07-17,2026-07-22,117.24,113.72,228.0,closed,31.7,JPMORGAN CHASE & CO,2026-07-20,113.59,-155.6,
ORCL,LONG,40,2026-07-20,2026-07-25,124.64,,263.0,cancelled,36.9,FIL LTD,2026-07-20,,0.0,
KLAC,LONG,24,2026-07-17,2026-07-22,209.01,202.74,222.0,closed,85.0,VANGUARD CAPITAL MANAGEMENT LLC,2026-07-17,212.58,83.38,248.0
ORCL,LONG,41,2026-07-17,2026-07-22,121.1,,225.0,cancelled,38.0,FIL LTD,2026-07-17,,0.0,
KLAC,LONG,22,2026-07-16,2026-07-21,219.69,,194.0,cancelled,84.6,VANGUARD FIDUCIARY TRUST CO,2026-07-16,,0.0,
ORCL,LONG,37,2026-07-16,2026-07-21,134.92,,205.0,cancelled,33.8,FIL LTD,2026-07-16,,0.0,
CMCSA,LONG,213,2026-07-10,2026-07-15,23.5,22.79,144.0,closed,52.2,WELLS FARGO & COMPANY/MN,2026-07-15,23.54,6.04,
NKE,LONG,117,2026-07-09,2026-07-14,42.7,41.42,144.0,closed,54.5,VAN ECK ASSOCIATES CORP,2026-07-14,44.32,187.22,160.0
KLAC,LONG,21,2026-07-14,2026-07-19,236.11,229.03,163.0,closed,84.8,VANGUARD CAPITAL MANAGEMENT LLC,2026-07-14,229.01,-151.39,
ORCL,LONG,38,2026-07-14,2026-07-19,132.0,128.04,175.0,closed,34.3,FIL LTD,2026-07-14,128.03,-153.16,
ACN,LONG,40,2026-06-30,2026-07-05,123.26,119.56,165.0,closed,61.5,"BLACKROCK, INC.",2026-07-06,135.7,475.37,145.0
ADBE,LONG,23,2026-07-01,2026-07-06,209.37,203.04,125.0,closed,61.9,"BLACKROCK, INC.",2026-07-06,216.39,160.31,147.0
CME,LONG,21,2026-07-07,2026-07-12,238.0,230.86,158.0,closed,21.1,VANGUARD FIDUCIARY TRUST CO,2026-07-13,241.2,64.9,
ICE,LONG,36,2026-07-07,2026-07-12,135.25,131.19,161.0,closed,17.9,"NUVEEN, LLC",2026-07-13,135.26,-1.94,
KLAC,LONG,23,2026-07-08,2026-07-13,215.14,208.69,144.0,closed,85.2,VANGUARD CAPITAL MANAGEMENT LLC,2026-07-13,221.5,143.98,
FAST,LONG,103,2026-07-01,2026-07-06,48.55,47.09,134.0,closed,32.0,"NUVEEN, LLC",2026-07-06,48.45,-12.61,6.0
CMCSA,LONG,212,2026-07-07,2026-07-12,23.85,23.13,152.0,closed,52.1,WELLS FARGO & COMPANY/MN,2026-07-09,22.92,-199.63,
NKE,LONG,114,2026-07-07,2026-07-12,43.88,42.56,149.0,closed,54.0,VAN ECK ASSOCIATES CORP,2026-07-08,42.2,-193.83,
PFE,LONG,205,2026-06-29,2026-07-04,24.39,23.66,139.0,closed,35.0,MASSACHUSETTS FINANCIAL SERVICES CO /MA/,2026-07-06,23.65,-154.09,143.0
CRM,LONG,30,2026-07-01,2026-07-06,162.52,157.64,131.0,closed,35.5,"SANDERS CAPITAL, LLC",2026-07-06,163.56,28.9,149.0
UPS,LONG,45,2026-07-02,2026-07-07,110.5,107.19,150.0,closed,36.1,JPMORGAN CHASE & CO,2026-07-07,110.5,-2.3,143.0
NKE,LONG,115,2026-07-02,2026-07-07,44.13,42.81,144.0,closed,54.3,VAN ECK ASSOCIATES CORP,2026-07-06,42.78,-157.57,
KLAC,LONG,18,2026-06-30,2026-07-07,281.6274,241.86,146.0,closed,80.9,VANGUARD FIDUCIARY TRUST CO,2026-07-02,241.76,-718.8,48.0
NKE,LONG,121,2026-06-29,2026-07-04,41.38,40.14,133.0,closed,56.7,VAN ECK ASSOCIATES CORP,2026-07-01,40.11,-155.99,
CMCSA,LONG,408,2026-06-30,2026-07-05,24.81,24.07,168.0,closed,50.4,WELLS FARGO & COMPANY/MN,2026-07-01,24.0675,-307.68,
ADBE,LONG,25,2026-06-25,2026-06-30,193.3,187.5,112.0,closed,63.5,"BLACKROCK, INC.",2026-06-30,203.9,262.7,158.0
FAST,LONG,108,2026-06-25,2026-06-30,46.45,45.06,127.0,closed,34.5,"NUVEEN, LLC",2026-06-30,47.25,84.08,160.0
HCA,LONG,12,2026-06-25,2026-06-30,387.59,375.96,130.0,closed,23.2,VANGUARD FIDUCIARY TRUST CO,2026-06-30,391.0,38.63,162.0
ACN,LONG,39,2026-06-25,2026-06-30,128.91,125.04,115.0,closed,60.2,"BLACKROCK, INC.",2026-06-29,125.01,-154.4,
DD,LONG,109,2026-06-10,2026-06-15,49.02,44.26,5.0,cancelled,62.6,STATE STREET CORP,2026-06-23,,0.0,80.0
ADBE,LONG,21,2026-06-10,2026-06-15,233.8,227.13,5.0,closed,55.8,"BLACKROCK, INC.",2026-06-11,226.88,-147.61,82.0
KLAC,LONG,20,2026-06-12,2026-06-17,248.74,241.28,11.0,cancelled,83.1,VANGUARD CAPITAL MANAGEMENT LLC,2026-06-29,,0.0,
CMCSA,LONG,204,2026-06-15,2026-06-20,24.3555,23.77,11.0,closed,49.8,WELLS FARGO & COMPANY/MN,2026-06-16,23.77,-120.7,126.0
ACN,LONG,30,2026-06-17,2026-06-22,128.91,125.04,17.0,cancelled,48.8,"BLACKROCK, INC.",2026-06-21,,0.0,
UPS,LONG,45,2026-06-17,2026-06-22,109.72,106.43,17.0,cancelled,35.9,JPMORGAN CHASE & CO,2026-06-29,,0.0,
FAST,LONG,109,2026-06-17,2026-06-23,45.79,45.06,21.0,closed,34.8,"NUVEEN, LLC",2026-06-23,45.89,9.67,88.0
CRM,LONG,31,2026-06-17,2026-06-22,160.74,147.91,25.0,closed,33.4,"SANDERS CAPITAL, LLC",2026-06-17,155.96,-150.48,
ABT,LONG,55,2026-06-17,2026-06-22,90.35,87.64,33.0,cancelled,22.2,"ARROWSTREET CAPITAL, LIMITED PARTNERSHIP",2026-06-21,,0.0,
DHR,LONG,27,2026-06-17,2026-06-22,181.87,175.83,39.0,closed,18.9,"T. ROWE PRICE INVESTMENT MANAGEMENT, INC",2026-06-18,175.17,-183.19,
HD,LONG,14,2026-06-17,2026-06-22,336.77,327.03,43.0,closed,17.0,RAYMOND JAMES FINANCIAL INC,2026-06-17,326.91,-140.33,
MSFT,LONG,12,2026-06-17,2026-06-22,389.95,378.59,47.0,closed,15.3,"UBS AM, A DISTINCT BUSINESS UNIT OF UBS ",2026-06-17,378.64,-138.0,
LOW,LONG,22,2026-06-17,2026-06-22,225.1,217.28,51.0,closed,15.2,RAYMOND JAMES FINANCIAL INC,2026-06-17,217.21,-175.87,
HCA,LONG,13,2026-06-18,2026-06-23,387.59,375.96,57.0,cancelled,24.7,VANGUARD FIDUCIARY TRUST CO,2026-06-23,,0.0,
ICE,LONG,37,2026-06-18,2026-06-23,134.61,,60.0,cancelled,18.1,"NUVEEN, LLC",2026-06-23,,0.0,
PEP,LONG,35,2026-06-18,2026-06-23,141.58,,63.0,cancelled,16.7,"BLACKROCK, INC.",2026-06-23,,0.0,
TMO,LONG,10,2026-06-18,2026-06-23,461.16,,66.0,cancelled,16.6,AMUNDI,2026-06-23,,0.0,
SJM,LONG,44,2026-06-18,2026-06-23,112.55,,69.0,cancelled,16.0,PROSHARE ADVISORS LLC,2026-06-23,,0.0,
ACN,LONG,39,2026-06-23,2026-06-28,128.91,125.04,91.0,cancelled,61.5,"BLACKROCK, INC.",2026-06-23,,0.0,
CMCSA,LONG,222,2026-06-23,2026-06-28,22.63,21.95,94.0,closed,54.3,WELLS FARGO & COMPANY/MN,2026-06-29,26.22,794.38,126.0
CRM,LONG,33,2026-06-23,2026-06-28,152.48,147.91,97.0,closed,38.2,"SANDERS CAPITAL, LLC",2026-06-29,159.88,241.89,128.0
UPS,LONG,46,2026-06-23,2026-06-28,106.96,,100.0,cancelled,37.5,JPMORGAN CHASE & CO,2026-06-29,,0.0,
KLAC,LONG,20,2026-06-24,2026-06-29,248.74,241.28,81.0,cancelled,83.3,VANGUARD FIDUCIARY TRUST CO,2026-06-29,,0.0,
ADBE,LONG,25,2026-06-24,2026-06-29,193.3,187.5,81.0,cancelled,63.0,"BLACKROCK, INC.",2026-06-25,,0.0,
ACN,LONG,39,2026-06-24,2026-06-29,128.91,125.04,84.0,cancelled,60.5,"BLACKROCK, INC.",2026-06-25,,0.0,
UPS,LONG,47,2026-06-24,2026-06-29,105.45,,90.0,cancelled,38.6,JPMORGAN CHASE & CO,2026-06-29,,0.0,
HCA,LONG,12,2026-06-24,2026-06-29,387.59,375.96,96.0,cancelled,22.7,VANGUARD CAPITAL MANAGEMENT LLC,2026-06-25,,0.0,
ABT,LONG,54,2026-06-24,2026-06-29,90.94,,99.0,cancelled,21.9,"ARROWSTREET CAPITAL, LIMITED PARTNERSHIP",2026-06-25,,0.0,
ORCL,LONG,31,2026-06-24,2026-06-29,158.16,,102.0,cancelled,21.1,FIL LTD,2026-06-25,,0.0,
KLAC,LONG,19,2026-06-25,2026-06-30,255.77,241.28,7.0,closed,82.4,VANGUARD CAPITAL MANAGEMENT LLC,2026-06-25,248.0316,-149.32,
UPS,LONG,45,2026-06-25,2026-06-30,109.27,,13.0,cancelled,36.3,JPMORGAN CHASE & CO,2026-06-29,,0.0,
KLAC,LONG,19,2026-06-26,2026-07-01,248.7974,241.28,109.0,closed,82.3,VANGUARD CAPITAL MANAGEMENT LLC,2026-06-29,249.62,14.43,130.0
UPS,LONG,45,2026-06-26,2026-07-01,109.01,,118.0,cancelled,36.3,JPMORGAN CHASE & CO,2026-06-29,,0.0,
UPS,LONG,46,2026-06-29,2026-07-04,108.2,,136.0,cancelled,37.0,JPMORGAN CHASE & CO,2026-06-29,,0.0,
CMCSA,LONG,204,2026-06-29,2026-07-04,24.43,,149.0,cancelled,50.4,WELLS FARGO & COMPANY/MN,2026-06-30,,0.0,
UPS,LONG,46,2026-06-29,2026-07-04,108.15,,152.0,cancelled,37.0,JPMORGAN CHASE & CO,2026-06-30,,0.0,
UPS,LONG,46,2026-06-30,2026-07-05,107.5,,171.0,cancelled,37.0,JPMORGAN CHASE & CO,2026-06-30,,0.0,
ADBE,LONG,24,2026-06-30,2026-07-05,203.44,,125.0,cancelled,62.2,"BLACKROCK, INC.",2026-07-01,,0.0,
UPS,LONG,46,2026-06-30,2026-07-05,107.32,,128.0,cancelled,37.4,JPMORGAN CHASE & CO,2026-07-01,,0.0,
CRM,LONG,32,2026-06-30,2026-07-05,156.0,,131.0,cancelled,35.8,"SANDERS CAPITAL, LLC",2026-07-01,,0.0,
FAST,LONG,103,2026-06-30,2026-07-05,48.27,,134.0,cancelled,31.7,"NUVEEN, LLC",2026-07-01,,0.0,
ORCL,LONG,34,2026-06-30,2026-07-05,146.56,,137.0,cancelled,26.8,FIL LTD,2026-07-01,,0.0,
ADBE,LONG,24,2026-06-30,2026-07-05,203.47,,144.0,cancelled,62.2,"BLACKROCK, INC.",,,0.0,
UPS,LONG,46,2026-06-30,2026-07-05,107.33,,147.0,cancelled,37.4,JPMORGAN CHASE & CO,2026-07-01,,0.0,
CRM,LONG,32,2026-06-30,2026-07-05,156.15,,150.0,cancelled,35.8,"SANDERS CAPITAL, LLC",2026-07-01,,0.0,
FAST,LONG,103,2026-06-30,2026-07-05,48.23,,153.0,cancelled,31.7,"NUVEEN, LLC",2026-07-01,,0.0,
ORCL,LONG,34,2026-06-30,2026-07-05,146.68,,156.0,cancelled,26.8,FIL LTD,2026-07-01,,0.0,
UPS,LONG,46,2026-07-01,2026-07-06,107.0,,128.0,cancelled,37.3,JPMORGAN CHASE & CO,2026-07-01,,0.0,
ORCL,LONG,34,2026-07-01,2026-07-06,145.42,,137.0,cancelled,26.8,FIL LTD,2026-07-01,,0.0,
CMCSA,LONG,210,2026-07-02,2026-07-07,23.82,23.11,147.0,closed,51.4,WELLS FARGO & COMPANY/MN,2026-07-02,23.11,-151.54,
ORCL,LONG,34,2026-07-02,2026-07-07,143.4,,153.0,cancelled,28.8,FIL LTD,2026-07-02,,0.0,
KLAC,LONG,22,2026-07-07,2026-07-14,220.5,,146.0,cancelled,84.0,VANGUARD FIDUCIARY TRUST CO,2026-07-07,,0.0,
ORCL,LONG,34,2026-07-07,2026-07-12,145.31,,155.0,cancelled,28.2,FIL LTD,2026-07-07,,0.0,
PFE,LONG,207,2026-07-08,2026-07-13,24.08,,147.0,cancelled,35.6,MASSACHUSETTS FINANCIAL SERVICES CO /MA/,2026-07-08,,0.0,
KLAC,LONG,21,2026-07-15,2026-07-20,234.95,,161.0,closed,84.2,VANGUARD FIDUCIARY TRUST CO,2026-07-15,224.7,-217.54,
ORCL,LONG,38,2026-07-15,2026-07-20,129.1,,167.0,cancelled,36.1,FIL LTD,2026-07-15,,0.0,
FAST,LONG,109,2026-07-15,2026-07-20,45.81,,170.0,closed,35.2,"NUVEEN, LLC",2026-07-15,44.54,-166.9,168.0
UPS,LONG,44,2026-07-15,2026-07-20,113.56,,173.0,cancelled,33.7,JPMORGAN CHASE & CO,2026-07-15,,0.0,
KLAC,LONG,19,2026-06-25,2026-07-01,255.77,248.1,109.0,cancelled,83.5,VANGUARD FIDUCIARY TRUST CO,2026-06-25,248.03,0.0,12.0
ORCL,LONG,40,2026-07-22,2026-07-27,125.0,,272.0,cancelled,36.5,FIL LTD,,,0.0,
UPS,LONG,43,2026-07-22,2026-07-27,116.1,,275.0,cancelled,32.2,JPMORGAN CHASE & CO,,,0.0,
ORCL,LONG,40,2026-07-23,2026-07-28,124.53,,297.0,cancelled,37.1,FIL LTD,,,0.0,
UPS,LONG,43,2026-07-23,2026-07-28,115.16,,300.0,cancelled,32.5,JPMORGAN CHASE & CO,,,0.0,
CMCSA,LONG,223,2026-07-24,2026-07-29,22.34,,364.0,cancelled,54.4,WELLS FARGO & COMPANY/MN,,,0.0,
ORCL,LONG,42,2026-07-24,2026-07-29,117.77,,367.0,cancelled,41.6,FIL LTD,,,0.0,
ACN,LONG,75,2026-06-22,,125.37,,,closed,,IBKR reconcile: unrecorded round trip,2026-06-22,121.25,-311.4,
ADBE,SHORT,42,2026-06-17,,201.06,,,closed,,IBKR reconcile: unrecorded round trip,2026-06-23,197.91,128.83,
KLAC,SHORT,20,2026-06-17,,241.72,,,closed,,IBKR reconcile: unrecorded round trip,2026-06-23,243.72,-42.29,
NKE,SHORT,111,2026-06-17,,45.71,,,closed,,IBKR reconcile: unrecorded round trip,2026-06-23,42.77,324.02,
DD,SHORT,109,2026-06-17,,49.03,,,closed,,IBKR reconcile: unrecorded round trip,2026-06-23,46.71,250.56,
ADBE,SHORT,21,2026-06-23,,197.75,,,closed,,IBKR reconcile: unrecorded round trip,2026-06-23,197.65,-0.18,
KLAC,SHORT,20,2026-06-23,,247.34,,,closed,,IBKR reconcile: unrecorded round trip,2026-06-23,243.97,65.1,
NKE,SHORT,111,2026-06-23,,42.29,,,closed,,IBKR reconcile: unrecorded round trip,2026-06-23,42.75,-53.37,
PFE,LONG,200,2026-06-23,,25.0,,,closed,,IBKR reconcile: unrecorded round trip,2026-06-24,24.22,-158.33,
KLAC,SHORT,18,2026-06-29,,249.62,,,closed,,IBKR reconcile: unrecorded round trip,2026-06-30,281.48,-579.67,
CRM,SHORT,30,2026-07-09,,158.23,,,closed,,IBKR reconcile: unrecorded round trip,2026-07-13,170.75,-377.89,
FAST,SHORT,103,2026-07-07,,47.07,,,closed,,IBKR reconcile: unrecorded round trip,2026-07-13,46.89,16.23,
HCA,SHORT,12,2026-07-14,,354.94,,,closed,,IBKR reconcile: unrecorded round trip,2026-07-14,360.3,-66.6,
