strategy,ticker,direction,shares,est_entry,current_price,unrealized_pnl,as_of
FSCORE-001,TMO,LONG,14,670.2579,663.3,-97.41,2026-10-06 14:15:02
FSCORE-001,DE,LONG,14,663.6679,682.09,257.91,2026-10-06 14:15:02
FSCORE-001,PANW,LONG,25,395.4136,418.6,579.66,2026-10-06 14:15:02
FSCORE-001,AAPL,LONG,30,331.1563,332.96,54.11,2026-10-06 14:15:02
FSCORE-001,ABBV,LONG,38,261.0287,265.89,184.73,2026-10-06 14:15:02
DTC-SP500-001,KMB,SHORT,6,96.0,96.08,-0.48,2026-10-06 14:15:02
DTC-SP500-001,UNP,SHORT,2,268.0,276.12,-16.24,2026-10-06 14:15:02
DTC-SP500-001,LYV,SHORT,3,166.23,172.3,-18.21,2026-10-06 14:15:02
DTC-SP500-001,CIEN,LONG,1,355.9,435.39,79.49,2026-10-06 14:15:02
DTC-SP500-001,GLW,LONG,4,154.0,169.16,60.64,2026-10-06 14:15:02
DTC-SP500-001,AVGO,LONG,1,352.12,379.14,27.02,2026-10-06 14:15:02
DTC-SP500-001,LNT,SHORT,10,63.0,65.06,-20.6,2026-10-06 14:15:02
DTC-SP500-001,HPE,LONG,10,65.85,70.72,48.7,2026-10-06 14:15:02
DTC-SP500-001,KVUE,LONG,36,17.53,17.48,-1.8,2026-10-06 14:15:02
DTC-SP500-001,HONA,LONG,4,156.5,157.7,4.8,2026-10-06 14:15:02
DTC-SP500-001,HOOD,LONG,5,112.49,112.81,1.6,2026-10-06 14:15:02
DTC-SP500-001,ICE,LONG,4,153.31,154.21,3.6,2026-10-06 14:15:02
DTC-SP500-001,FOXA,SHORT,10,62.3,61.74,5.6,2026-10-06 14:15:02
DTC-SP500-001,LULU,LONG,6,96.7,93.6,-18.6,2026-10-06 14:15:02
DTC-SP500-001,ARES,SHORT,5,115.01,118.17,-15.8,2026-10-06 14:15:02
DTC-SP500-001,ACGL,LONG,6,92.77,94.62,11.1,2026-10-06 14:15:02
DTC-SP500-001,FOX,SHORT,11,56.16,55.34,9.02,2026-10-06 14:15:02
DTC-SP500-001,SPYM,SHORT,200,89.965,91.83,-373.0,2026-10-06 14:15:02
DTC-SP500-001,DELL,LONG,1,541.25,575.26,34.01,2026-10-06 14:15:02
DTC-SP500-001,CDNS,LONG,1,339.82,360.71,20.89,2026-10-06 14:15:02
DTC-SP500-001,EIX,LONG,11,53.5,53.66,1.76,2026-10-06 14:15:02
DTC-SP500-001,COO,LONG,11,56.69,56.18,-5.61,2026-10-06 14:15:02
DTC-SP500-001,MRVL,LONG,2,264.46,289.56,50.2,2026-10-06 14:15:02
DTC-SP500-001,SNA,SHORT,1,360.62,369.45,-8.83,2026-10-06 14:15:02
DTC-SP500-001,BF.B,SHORT,24,26.03,26.28,-6.0,2026-10-06 14:15:02
DTC-SP500-001,IFF,SHORT,7,82.17,84.32,-15.05,2026-10-06 14:15:02
DTC-SP500-001,RMD,SHORT,2,219.0,221.28,-4.56,2026-10-06 14:15:02
DTC-SP500-001,APO,SHORT,5,115.1,115.87,-3.85,2026-10-06 14:15:02
DTC-SP500-001,KDP,SHORT,21,30.36,31.09,-15.33,2026-10-06 14:15:02
DTC-SP500-001,TROW,SHORT,6,104.05,103.8,1.5,2026-10-06 14:15:02
DTC-SP500-001,PRU,SHORT,5,112.6,114.05,-7.25,2026-10-06 14:15:02
DTC-SP500-001,MGM,SHORT,20,31.12,30.59,10.6,2026-10-06 14:15:02
DTC-SP500-001,OMC,SHORT,8,74.68,74.77,-0.72,2026-10-06 14:15:02
DTC-SP500-001,PCG,LONG,52,12.15,12.43,14.56,2026-10-06 14:15:02
DTC-SP500-001,CASY,LONG,1,612.0,616.37,4.37,2026-10-06 14:15:02
DTC-SP500-001,BXP,SHORT,10,60.66,59.44,12.2,2026-10-06 14:15:02
DTC-SP500-001,ECHO,SHORT,7,89.01,98.35,-65.38,2026-10-06 14:15:02
DTC-SP500-001,COHR,LONG,2,289.81,335.86,92.1,2026-10-06 14:15:02
DTC-SP500-001,TPL,SHORT,1,325.0,355.39,-30.39,2026-10-06 14:15:02
DTC-SP500-001,CVNA,SHORT,10,61.81,62.94,-11.3,2026-10-06 14:15:02
DTC-SP500-001,EVRG,SHORT,8,77.99,80.01,-16.16,2026-10-06 14:15:02
DTC-SP500-001,ERIE,SHORT,2,216.0,221.49,-10.98,2026-10-06 14:15:02
DTC-SP500-001,IP,SHORT,19,32.52,32.07,8.55,2026-10-06 14:15:02
DTC-SP500-001,TSLA,LONG,1,355.74,380.39,24.65,2026-10-06 14:15:02
DTC-SP500-001,AON,LONG,2,278.9,273.25,-11.3,2026-10-06 14:15:02
DTC-SP500-001,BE,LONG,2,285.78,299.61,27.66,2026-10-06 14:15:02
NSI-SP500-001,FTV,LONG,76,57.38,57.87,37.24,2026-10-06 14:15:02
NSI-SP500-001,DHI,LONG,32,134.6,137.09,79.68,2026-10-06 14:15:02
NSI-SP500-001,CEG,SHORT,17,259.27,301.76,-722.33,2026-10-06 14:15:02
NSI-SP500-001,WELL,SHORT,19,226.66,224.9,33.44,2026-10-06 14:15:02
NSI-SP500-001,FDX,LONG,15,291.0,288.01,-44.85,2026-10-06 14:15:02
NSI-SP500-001,CCL,SHORT,171,25.92,26.47,-94.05,2026-10-06 14:15:02
NSI-SP500-001,AXON,SHORT,10,411.51,420.34,-88.3,2026-10-06 14:15:02
NSI-SP500-001,KR,LONG,74,58.99,58.01,-72.52,2026-10-06 14:15:02
NSI-SP500-001,TKO,SHORT,25,173.75,175.9,-53.75,2026-10-06 14:15:02
NSI-SP500-001,RVTY,LONG,29,153.5,154.18,19.72,2026-10-06 14:15:02
NSI-SP500-001,DLTR,LONG,39,114.0,116.15,83.85,2026-10-06 14:15:02
NSI-SP500-001,GM,LONG,56,79.23,81.59,132.16,2026-10-06 14:15:02
NSI-SP500-001,JCI,LONG,28,157.0,160.25,91.0,2026-10-06 14:15:02
NSI-SP500-001,DECK,LONG,55,79.8,81.25,79.75,2026-10-06 14:15:02
NSI-SP500-001,HON,LONG,20,214.55,212.49,-41.2,2026-10-06 14:15:02
NSI-SP500-001,LUV,LONG,104,42.59,42.05,-56.16,2026-10-06 14:15:02
NSI-SP500-001,BRO,SHORT,73,59.75,60.92,-85.41,2026-10-06 14:15:02
NSI-SP500-001,STX,SHORT,5,880.02,803.74,381.4,2026-10-06 14:15:02
NSI-SP500-001,INCY,SHORT,38,114.07,112.68,52.82,2026-10-06 14:15:02
NSI-SP500-001,ON,LONG,52,85.58,86.3,37.44,2026-10-06 14:15:02
NSI-SP500-001,SWKS,LONG,51,84.77,81.01,-191.76,2026-10-06 14:15:02
NSI-SP500-001,XEL,SHORT,61,71.21,72.03,-50.02,2026-10-06 14:15:02
NSI-SP500-001,OXY,SHORT,76,58.06,58.74,-51.68,2026-10-06 14:15:02
NSI-SP500-001,GPN,SHORT,56,77.67,81.7,-225.68,2026-10-06 14:15:02
NSI-SP500-001,HSIC,LONG,52,87.01,84.78,-115.96,2026-10-06 14:15:02
NSI-SP500-001,MPC,LONG,10,424.67,434.23,95.6,2026-10-06 14:15:02
NSI-SP500-001,SLB,SHORT,90,49.04,50.01,-87.3,2026-10-06 14:15:02
NSI-SP500-001,SNPS,SHORT,9,491.83,505.98,-127.35,2026-10-06 14:15:02
NSI-SP500-001,LITE,SHORT,4,1092.55,1131.38,-155.32,2026-10-06 14:15:02
NSI-SP500-001,SYF,LONG,61,72.17,71.86,-18.91,2026-10-06 14:15:02
NSI-SP500-001,MTB,LONG,20,221.11,218.35,-55.2,2026-10-06 14:15:02
NSI-SP500-001,O,SHORT,81,54.01,54.0,0.81,2026-10-06 14:15:02
NSI-SP500-001,FITB,SHORT,86,51.06,50.69,31.82,2026-10-06 14:15:02
NSI-SP500-001,SMCI,SHORT,101,43.83,43.56,27.27,2026-10-06 14:15:02
NSI-SP500-001,HCA,LONG,10,431.0,435.22,42.2,2026-10-06 14:15:02
NSI-SP500-001,NCLH,SHORT,291,15.14,15.52,-110.58,2026-10-06 14:15:02
NSI-SP500-001,VV,LONG,81,355.4525,360.07,374.02,2026-10-06 14:15:02
NSI-SP500-001,NRG,SHORT,46,96.0,103.64,-351.44,2026-10-06 14:15:02
NSI-SP500-001,BG,SHORT,41,106.06,107.63,-64.37,2026-10-06 14:15:02
NSI-SP500-001,HBAN,SHORT,288,15.36,15.28,23.04,2026-10-06 14:15:02
NSI-SP500-001,AIG,LONG,58,75.44,75.22,-12.76,2026-10-06 14:15:02
NSI-SP500-001,CF,LONG,38,116.0,116.64,24.32,2026-10-06 14:15:02
NSI-SP500-001,APTV,LONG,100,43.93,44.46,53.0,2026-10-06 14:15:02
NSI-SP500-001,GDDY,LONG,45,97.0,97.94,42.3,2026-10-06 14:15:02
NSI-SP500-001,IT,LONG,23,191.4,186.59,-110.63,2026-10-06 14:15:02
OSR-SP500-001,VTR,LONG,41,81.96,81.59,-15.17,2026-10-06 14:15:02
OSR-SP500-001,DPZ,SHORT,11,299.14,302.36,-35.42,2026-10-06 14:15:02
OSR-SP500-001,NWSA,LONG,116,29.0,28.39,-70.76,2026-10-06 14:15:02
OSR-SP500-001,ALGN,SHORT,23,140.64,141.89,-28.75,2026-10-06 14:15:02
OSR-SP500-001,ALB,SHORT,32,105.43,106.84,-45.12,2026-10-06 14:15:02
OSR-SP500-001,MOS,SHORT,100,21.25,21.09,16.0,2026-10-06 14:15:02
OSR-SP500-001,GNRC,SHORT,15,216.5,224.3,-117.0,2026-10-06 14:15:02
OSR-SP500-001,SNDK,SHORT,1,1692.0,1671.15,20.85,2026-10-06 14:15:02
OSR-SP500-001,FDS,SHORT,12,275.53,273.98,18.6,2026-10-06 14:15:02
OSR-SP500-001,WTW,LONG,11,288.34,290.86,27.72,2026-10-06 14:15:02
OSR-SP500-001,TTWO,SHORT,16,203.0,202.62,6.08,2026-10-06 14:15:02
OSR-SP500-001,IR,LONG,42,79.1,79.67,23.94,2026-10-06 14:15:02
OSR-SP500-001,STZ,SHORT,29,113.67,114.74,-31.03,2026-10-06 14:15:02
OSR-SP500-001,ETR,LONG,33,101.36,102.53,38.61,2026-10-06 14:15:02
OSR-SP500-001,NI,LONG,85,39.92,40.41,41.65,2026-10-06 14:15:02
OSR-SP500-001,COIN,SHORT,17,187.6,187.37,3.91,2026-10-06 14:15:02
OSR-SP500-001,CLX,SHORT,41,82.91,83.67,-31.16,2026-10-06 14:15:02
OSR-SP500-001,UAL,SHORT,30,111.35,111.13,6.6,2026-10-06 14:15:02
OSR-SP500-001,KIM,LONG,152,22.05,22.05,0.0,2026-10-06 14:15:02
OSR-SP500-001,LEN,SHORT,45,75.44,77.37,-86.85,2026-10-06 14:15:02
OSR-SP500-001,ATO,LONG,21,161.02,158.99,-42.63,2026-10-06 14:15:02
OSR-SP500-001,RSG,LONG,15,213.17,215.07,28.5,2026-10-06 14:15:02
OSR-SP500-001,REG,LONG,47,71.44,71.16,-13.16,2026-10-06 14:15:02
OSR-SP500-001,AKAM,SHORT,31,108.76,108.48,8.68,2026-10-06 14:15:02
OSR-SP500-001,DVA,SHORT,18,178.73,181.1,-42.66,2026-10-06 14:15:02
OSR-SP500-001,HUM,SHORT,8,401.07,400.49,4.64,2026-10-06 14:15:02
OSR-SP500-001,VLTO,LONG,34,96.95,96.5,-15.3,2026-10-06 14:15:02
OSR-SP500-001,FICO,SHORT,4,692.09,680.0,48.36,2026-10-06 14:15:02
OSR-SP500-001,URI,SHORT,3,1075.0,1091.84,-50.52,2026-10-06 14:15:02
OSR-SP500-001,VST,SHORT,23,151.73,159.66,-182.39,2026-10-06 14:15:02
OSR-SP500-001,WYNN,SHORT,43,77.67,76.78,38.27,2026-10-06 14:15:02
OSR-SP500-001,ITOT,LONG,483,169.87,170.15,135.24,2026-10-06 14:15:02
OSR-SP500-001,ULTA,SHORT,6,540.0,542.73,-16.38,2026-10-06 14:15:02
OSR-SP500-001,FISV,SHORT,72,46.14,45.55,42.48,2026-10-06 14:15:02
OSR-SP500-001,HST,LONG,149,22.5633,22.52,-6.45,2026-10-06 14:15:02
OSR-SP500-001,WRB,LONG,48,69.8,69.82,0.96,2026-10-06 14:15:02
OSR-SP500-001,PFG,LONG,30,112.0,110.59,-42.3,2026-10-06 14:15:02
OSR-SP500-001,VMRK,LONG,56,60.0,60.23,12.88,2026-10-06 14:15:02
OSR-SP500-001,ROP,LONG,9,364.0,360.92,-27.72,2026-10-06 14:15:02
OSR-SP500-001,CMS,LONG,52,64.34,64.73,20.28,2026-10-06 14:15:02
OSR-SP500-001,NWS,LONG,105,32.16,31.44,-75.6,2026-10-06 14:15:02
OSR-SP500-001,DOC,LONG,178,18.97,18.86,-19.58,2026-10-06 14:15:02
OSR-SP500-001,BBY,SHORT,38,87.05,85.31,66.12,2026-10-06 14:15:02
OSR-SP500-001,WEC,LONG,33,102.33,102.65,10.56,2026-10-06 14:15:02
OSR-SP500-001,CNP,LONG,89,38.1,38.43,29.37,2026-10-06 14:15:02
OSR-SP500-001,WAB,LONG,11,294.5,293.77,-8.03,2026-10-06 14:15:02
OSR-SP500-001,UDR,LONG,99,34.19,33.89,-29.7,2026-10-06 14:15:02
OSR-SP500-001,FSLR,SHORT,19,177.02,180.07,-57.95,2026-10-06 14:15:02
OSR-SP500-001,MRSH,LONG,19,171.06,171.87,15.39,2026-10-06 14:15:02
MOM-FUNCTEST-WEEKLY,CAT,LONG,4,843.17,866.73,94.24,2026-10-06 14:15:02
MOM-FUNCTEST-WEEKLY,AMD,LONG,7,630.67,654.77,168.7,2026-10-06 14:15:02
MOM-FUNCTEST-WEEKLY,ORCL,SHORT,32,142.53,145.97,-110.08,2026-10-06 14:15:02
MOM-FUNCTEST-WEEKLY,IVV,SHORT,33,773.0727,783.48,-343.44,2026-10-06 14:15:02
MOM-FUNCTEST-WEEKLY,NKE,SHORT,116,33.89,34.31,-48.72,2026-10-06 14:15:02
MOM-FUNCTEST-WEEKLY,INTC,LONG,33,115.49,114.94,-18.15,2026-10-06 14:15:02
MOM-FUNCTEST-WEEKLY,CHTR,SHORT,36,109.09,108.4,24.84,2026-10-06 14:15:02
MOM-FUNCTEST-WEEKLY,INTU,SHORT,14,281.12,288.69,-105.98,2026-10-06 14:15:02
SPY-NOLOSS-IRON-CONDOR,SPY,LONG,1,751.18,752.215,103.5,2026-10-06 14:15:02
