ticker,direction,shares,entry_date,target_exit,est_entry,stop,tp,order_id,status,exit_date,exit_price,dollar_pnl,bracket_from_fill
BSX,,231,2026-10-01 00:00:00,2026-10-11 00:00:00,43.19,41.03,50.96,977,cancelled,2026-10-02,,0.0,False
APP,,35,2026-10-01 00:00:00,2026-10-11 00:00:00,281.3,267.24,331.93,982,cancelled,2026-10-02,,0.0,False
AVGO,LONG,27,2026-08-24 00:00:00,2026-09-03 00:00:00,360.6304,340.67,423.15,1192,closed,2026-09-10,360.63,-1.32,False
ANET,LONG,54,2026-08-20 00:00:00,2026-08-30 00:00:00,184.8202,174.22,216.4,1107,closed,2026-09-01,195.7,586.17,False
APH,LONG,65,2026-08-20 00:00:00,2026-08-30 00:00:00,159.0168,145.29,180.47,1112,closed,2026-09-01,158.25,-51.18,False
AMD,LONG,21,2026-08-10 00:00:00,2026-08-20 00:00:00,471.2819,447.15,555.4,811,closed,2026-08-21,475.01,76.97,False
AMAT,LONG,19,2026-08-14 00:00:00,2026-08-24 00:00:00,518.5274,481.48,598.05,958,closed,2026-08-24,480.0,-733.32,False
BSX,LONG,203,2026-08-05 00:00:00,2026-08-15 00:00:00,49.4655,46.64,57.93,723,closed,2026-08-18,52.1,533.43,False
ARE,LONG,200,2026-08-10 00:00:00,2026-08-20 00:00:00,48.69,45.93,57.05,816,closed,2026-08-18,45.92,-554.43,False
BKNG,LONG,51,2026-08-03 00:00:00,2026-08-13 00:00:00,193.2231,183.36,227.75,646,closed,2026-08-14,212.74,994.02,False
AMAT,LONG,18,2026-08-11 00:00:00,2026-08-21 00:00:00,548.0006,501.08,622.39,850,closed,2026-08-14,503.22,-807.35,False
AMD,LONG,20,2026-07-31 00:00:00,2026-08-10 00:00:00,462.4745,453.66,563.5,617,closed,2026-08-11,470.16,152.4,False
BIIB,LONG,49,2026-07-27 00:00:00,2026-08-06 00:00:00,203.0222,190.13,236.17,402,closed,2026-08-10,206.71,179.37,False
BKR,LONG,165,2026-07-27 00:00:00,2026-08-06 00:00:00,60.5067,57.56,71.5,407,closed,2026-08-10,62.1664,272.49,False
APH,LONG,65,2026-07-24 00:00:00,2026-08-03 00:00:00,154.0468,145.24,180.4,367,closed,2026-07-28,144.14,-645.25,False
AMD,LONG,19,2026-07-24 00:00:00,2026-08-03 00:00:00,523.29,496.47,616.67,362,closed,2026-07-27,496.23,-516.54,False
AMD,LONG,23,2026-07-29 00:00:00,2026-08-08 00:00:00,463.5474,402.8,500.32,478,closed,2026-07-31,513.42,1145.71,False
AON,LONG,28,2026-08-17 00:00:00,2026-08-27 00:00:00,345.0,327.75,407.1,1005,cancelled,2026-08-18,,0.0,False
BKNG,,62,2026-10-02,2026-10-12,159.08,151.13,187.71,977,cancelled,,,0.0,
